<options>
	<profile n="eventtab_profiles.emulation-CUA" version="1">
		<p n="'S-F6'" v="resync"/>
		<p n="'S-M-W'" v="close-buffer"/>
		<p n="'C-S-BACKSPACE'" v="cut-line"/>
		<p n="'A-W'" v="delete-whole-word"/>
		<p n="'A-X'" v="cmdline-toggle"/>
		<p n="'C-A-,'" v="push-bookmark"/>
		<p n="'C-A-F'" v="activate-find-symbol"/>
		<p n="'C-A-N'" v="next-bookmark"/>
		<p n="'C-A-P'" v="prev-bookmark"/>
		<p n="'A-S-2'" v="select-code-block"/>
		<p n="'A-D'" v="duplicate-line"/>
		<p n="'C-;'" v="comment"/>
		<p n="'C-S-;'" v="comment-erase"/>
		<p n="'C-A-;'" v="box"/>
		<p n="'C-A-S-;'" v="box-erase"/>
		<p n="'A-S-D'" v="move-lines-down"/>
		<p n="'A-S-U'" v="move-lines-up"/>
		<p n="'C-BACKSPACE'" v="cut-prev-word"/>
		<p n="'C-W'" v="delete-word"/>
		<p n="'A-S-C'" v="activate-context"/>
		<d n="'M-F'"/>
	</profile>
	<profile n="eventtab_profiles.emulation-Vim" version="1">
		<p n="'C-A' 'C-C'" v="activate-context"/>
		<d n="'C-A'"/>
	</profile>
</options>
